{"providers":[{"type":"bitmap","file":"font/duyguji_twemoji_atlas.png","ascent":8,"chars":["💟☸🔞🌬🦡🍂▫🎫🔠🚿🎲🏒💘⏸🕖👢","🔴🎆📿🈳🟨🥤⚠🪛🙆🚍🔕🏻🔈🍣🧢🚉","📘💢🌃📩🤟🗡🤚😈↕🎖🔮🟡🤗🦢💾🎌","🏬🥅💧😚💱📒😤🫐👤🏢🪆🤹🧊📽💯🛣","🛰🎄🦳⌚📼🥑🎸👎♥💭🐀♿🚇🫑💿😲","⚧✴💜♨🍞♀🔸🕠➡🟥👋🇾🥐👗🤎📋","🏭🍗📺🪥👵⁉🪱❕👳☦🚅🍃🧏🥙🐵⏱","🍇😑🩰🧽⚽👱⭐🐔㊗⌛🎁🐚🈸🕝🚾🧪","🧐🥫🐓👍🍨🍚👏😽🔤🐤🦾🆔🚣🍻🏅🏀","🫀🤶🥡🕵💡🔶⏭🐩🚃🪨📍🗺🪕👶🍈📜","🪖🦲😪🤘🖋🚟🪵⏪🚔🩱💠⏹🎏🤣🥞🦫","🏽🏰🦘☺🦝🈁🤺🇳📡🐅👨⏩👇🍐🥢🚏","🗓🏙📠💂🥗🎺☣🍮🥓🐄🥬🦭🕟⛴㊙🟦","🐡👺🎞🌞🪝🆕🩴🍑🥩🤖🏃🩺🥸🥘✏","🥷⚗🌧🙃🐑👖🎡🏫👑🔷👷🛄🥪🐸🪠🦻","❔💥🍺⛎💏↩🦧👯🥥👂👅🕐😝🗳🗝😎","😓💆🦵😻🫓🈹✒🤢📁🤷🖌❗🇽🇪🥰😀","📤🌥🪙🌟😣🤫🔘🕺🪑🕑🇬⏳🦌👕〰😸","🛌🫕🚒🐐🕶🧾🌙🦤🚛◻🧻👞🧄🌊🏯⛽","⚒🐗🔦🍕🇱🏍🔥🃏⤴👽📥💺🚡🫁🟣📀","🕢🪰🚫📧🦃🚕👓🐼🐴😒🌶🎙🎱🗞♈😖","🤦🚋🧋🔍😦👭🙇🐙💒🔼🤑🧵🟢⬇🎧🌹","⛏⏲🍥🪔😟🙋🔎🤰👙🦯🤧💈🦂⛹☎🔪","🅰🕳🤍🍼🍜🗽⛷🎯🕷☹🏊🛩⚾🥏🗿⛪","💙💵🧂🌠🎼👦🌺🚥💨😶🚱🌽💸🍲📈🛁","👌⚡🎢🍫🏔‼🕕🗨🍍👣💔👰🐫🎷♦🦆","♟🚤✋📛🇸➿🚺🇺🍰✅🧔🖤🧹🚵🖐▪","🐶🌂🚢🖇♓🌦⚛⛵🥄🥉🚊🕞📻🌸🏄🇹","👲🚳✈🦩🏋📔🥔🍄🦎💩🛴🍤🧳🙏🙍🔊","📞🈵😉🏖🤼🔁🇧🎶🤥◾😾🥺💅🦕🧖🎿","🤯🦊⛳🤸🍩🥈🛅☔🧗😿✂📯🚂🌌🍔🏼","🦀🔛🎓🐺◀🪃↗🦪♐🖲🤝😩🤤📝🥽💷","😂🇫🐨🧿🐰🥒🔐👊⛔🏓♾➗🤌🧤🙈🧸","🧯😏🛹😃🎬😕🍪💌🦄🍶📌💃🏴🍛🔟🌋","🎤🆘🐏🙊🦰™🏌🦥🦷👫🌷🍾🧥🏗🅱🇦","🦦📰📏⛩🏵📕🉐💚🐖🟠🎑🤲👈💶🎐🎉","🏇☁🌓🐲🛃🤕♒📅🕹💼🥯📷🚝🎾🌰🌭","🛏🦜🧛🧰📖🛢🛶🔚🐎🎈😷🖼🚴🌑🦐🇭","🪴🥎🚶🛂🍙💍🚨🍠👚📂🛠🌍🕛🧃🟪🦠","🐠📓🐱🤪🧆🚻😼⬅🐌📶🚸🎎🐊😋↔🩸","🕯🔇🛫🥊🍬🪳🧲🧫❓🕡🌈🏿🛵🪡🌅🤱","🎹🥲🙄🧼😆🖱🐬🕦🤴🌜👡🆎🧟🏺💪🏡","☀🕣🪦🤮⏰🔵🏜🍏🌗👄🆒🥚🛸🎊🈺🛀","🔧🦼⛅🫖🅿🈚📢🫂🍌👘🏞💋🦺🧨⛄🤽","🗼🏈🧺🇨👠💴🪒🚞🤒🕒❌😢💄🛼🧷🐇","🌝🦈👿🔗💊🥃🐧🧞🏛🦉🐟🎨⛲🕗✊🎇","🥧🧬💗📮🌆🏩🦅🧝❤🍯⚔🥌🎃🍘🥮🔖","🐜➖🔓🐿😁🏎🔆🌇🎠🔳🌤🙀🍵🔱🉑🥨","▶🤙🤛😨✉🛖🏘🦖🕸🤔🏾🤡🕥✨🧈🌐","🔋🍅🗯🥂🧎🚚🈲🚰🎂📸✔🛤🌪🧒🥍🚯","🥖🛡✖🦬💑🏹🛬🍊💫💕🛷🕍☪🧣🕔😗","⛸🔹📄🆗💀🌮♻🚆🌒♏Ⓜ®😔👪🥁📭","🚁💮⚖🪜🪗🪞📨💬🦙🐈🌏🧍🛳🧘👬🆖","👮🦶🥶💉🏆🚠⚓📃🐽🪓🎽🔫🚧🧅😄👥","🇵🌯👧🗂🚪🥋🍉🧓☯📇😬📴🤞👸♑🕴","☂💹🏚🚘🔻💞🥳🍟🐮🐳🍧🇿🥣👻📪🚄","🩹🚀⚜📫🦨⚱🐣📹😧🤏👔🦔💁🧦🍦☝","🟤🐦〽👃🙂⬆🤓🌛😭⚫🧜🥟🌨🖊😫📙","😜🚎🔀🧴🏕🔲😮💣↙💰🌳🥻⛓🔡🎣❄","🪚🍱⚰♉🏂🐍🪂🔯🐕🔄🩲♌🍝🐋🌫🌚","📎🏮⏺🎗🧙🕎📐☑😯⬜🧭🦚📵😛🪶🔩","🈶🍷🛻🧑💝🐹😙🥱🈴🟩☕🇰🕊🧧🚹👩","🇷🛥💳🍭🛍🍁🪀📚🈯🕉⏫♎🔬😊🤠♣","🆚🎒🥠🗾🎥🦹🔂🥇⬛🐪🎍🔭👼🚮🛗🪟","☢🪐🔉🌵👆🚐🚜🟧🎋👹💻🌁🚼🌩🦍🔜","⚪🚑🛎🎅😺🧩🥴🏁🍓😍🐂🧀🥵🕧🥀❎","⏏♊👐🎛🚗🌎🕓🥕🎦🪤🦣🍆🐛🍢🎴🔅","↖🏣🦛🇴🆑🏝🦞🔑🥼🟫⛰🌔🌻🐁🔌🤳","🚌✌🙌🥭🎰🤿😅🏠⛈🈂🍳😵🥾🦋🕜🀄","🚲😡🤭🎪🕘😹😰🦸🗄🗒♋☃🕋🎭🖖🦗","🐥📊🚬🤨🦏🙎🦽🍀😘🕤💽🐯⛺🕌🚓🏸","📲🚖🐻🚙👒🎵🪧⏯🅾👛🫒🙉🙁😇🐢🌱","🍡🧕⚕🗜🎩🥿🧉🤵♠🈷🍎🏳🏷🎮🇶🔃","⭕🌉🤾👉🔣🍒💛🔨🍋📟🚈🌕🪢🤬🔰🕚","🔽🌾❇🏟🪁🐉↪🧁🎟⚙🦑☘🐾⤵⛑🦒","🗃🖕©🆙🍽🪘⏮📗☠🚦🍸🌼⛱🏏🍿🚩","☄📣♍👝🌲🛒🤩💐😥🐷🌴🗻😠✍⏬😱","🐭🔔🏐🛺💦🇯📱🐆🔒🏑🪅🕙✡🦟👜◽","ℹ🛐🐘📦👟🎳🐞✝💤🦴😳✳🫔🌀🧠🛑","🧶🥛🏨🇮🔙🧇📑💲☮❣👁⌨🏪👀🦱🪄","💓♂🤜🏥💖🏤🎻🗑🔺🌄🧮◼🚭🏧🐃🩳","🧚🤐🌿🍴🐝💎🍹🌖😞↘🗣🎚😌😴🚽🐒","🦁👴🦇🖥🆓📉🪣📬🦮📆🖨🕰🎀🔏🦓🖍","📳🦿🧱🥜👾💇🛋🌘🪲🥦🇩🍖🙅➕🛕😐","🇲🇼🇻➰🏉🥝🧡🔝🚷🌡🔢🏦\u0000\u0000\u0000\u0000"],"duyguji_version":1,"duyguji_name":"twemoji"}]}
